Id,Last Update,Request,Ride Id,Rider Id,Rider Status,# pax,Origin Lat,Origin Lng,Origin Address,Destination Lat,Destination Lng,Destination Address,Err Statement,City
639929,10/01/2019 18:04:07,1569963842.39,,39203,,1,-16.6869712763,-49.2631040141,|West Office - Rua 3 - Setor Oeste, Goiania - State of Goias|,-16.7197608309,-49.2654730752,|Borges Landeiro Olympus - Rua T-37 - Setor Bueno, Goiania - State of Goias|,,GYN
639925,10/01/2019 18:04:07,1569963842.05,,21923,,1,-16.7050977974,-49.2406512424,|Avenida Deputado Jamel Cecilio, 2699, Goiania|,-16.7247962823,-49.262174964,|Rua 1108, 17, Goiania|,,GYN
639924,10/01/2019 18:04:06,1569963842.02,,13857,,1,-16.6759555979,-49.2595504224,|Rua 9 Q 20, 220, Goiania|,-16.7111037308,-49.259076342,|Alameda Couto Magalhaes, 903 - Setor Bela Vista|,,GYN
639923,10/01/2019 18:04:06,1569963842.02,,4717,,1,-16.6985145918,-49.2658606544,|Rua Mario Bitar Q H21, 81, Goiania|,-16.7219057786,-49.2365910485,|Faculdade Sul-Americana (FASAM), Goiania|,,GYN
639918,10/01/2019 18:04:00,1569963835.02,,23118,,1,-16.6848384613,-49.266544953,|Parque Alm Tamandare, Goiania|,-16.6741325975,-49.2560645565,|Avenida Anhanguera, 0052000, Goiania|,,GYN
639911,10/01/2019 18:03:49,1569963824.19,,7224,,1,-16.7190579378,-49.2602028698,|Rua S-005, 13, Goiania|,-16.7359651852,-49.2726955935,|Avenida Feira de Santana Q 53, 1597, Goiania|,,GYN
639909,10/01/2019 18:03:48,1569963822.85,,7684,,1,-16.7079163034,-49.2726362497,|Avenida T-10 1300, Goias|,-16.7198696843,-49.2655830458,|Avenida T-13 785, Goias|,,GYN
639908,10/01/2019 18:03:47,1569963821.94,,23118,,1,-16.6848384613,-49.266544953,|Parque Alm Tamandare, Goiania|,-16.6741325975,-49.2560645565,|Avenida Anhanguera, 0052000, Goiania|,,GYN
639905,10/01/2019 18:03:47,1569963821.46,,7139,,1,-16.6930365496,-49.2680788413,|Rua 26 189, Goias|,-16.7186934856,-49.2689173669,|Avenida T-5 1249, Goias|,,GYN
639904,10/01/2019 18:03:46,1569963821.45,,29970,,1,-16.6797357952,-49.2610859871,|Assembleia Legislativa do Estado de Goias - Alameda dos Buritis - Setor Oeste, Goiania - GO|,-16.6926746169,-49.236189723,|Teatro PUC - Jardim Goias, Goiania - GO|,,GYN
639903,10/01/2019 18:03:45,1569963820.35,,51063,None,4,-16.6927417366,-49.2761774361,|IBCD ODONTOLOGIA - Rua T-28 - Setor Bueno, Goiania - GO|,-16.7413447121,-49.2769083381,|Buriti Shopping, Avenida Rio Verde, Goiania|,,GYN
639899,10/01/2019 18:03:36,1569963809.84,,53339,,1,-16.6818933968,-49.2545598373,|Rua 82, 179 - Setor Sul|,-16.7187686238,-49.2676775157,|Rua T-38, 1319 - Setor Bueno|,,GYN
639898,10/01/2019 18:03:34,1569963809.13,,23118,,1,-16.6848384613,-49.266544953,|Parque Alm Tamandare, Goiania|,-16.6741325975,-49.2560645565,|Lojas Avenida - Avenida Anhanguera - Centro, Goiania - GO|,,GYN
639896,10/01/2019 18:03:32,1569963807.73,,46719,,1,-16.6762542213,-49.2408519052,|Avenida Universitaria, Goiania|,-16.6648111286,-49.2632458359,|Avenida Independencia, 0129000, Goiania|,,GYN
639894,10/01/2019 18:03:31,1569963805.26,,41043,,1,-16.6842305035,-49.2591256276,|Aviso Urgente - Rua 94 - Setor Sul, Goiania - GO|,-16.7158436702,-49.255749397,|Rua 1037 - Setor Pedro Ludovico, Goiania - GO|,,GYN
639892,10/01/2019 18:03:26,1569963801.05,,11723,,3,-16.6961808713,-49.2553215846,|Rua 136b Q F42, 10, Goiania|,-16.7234332364,-49.2867503688,|Oficina de Estetica - Rua C-176 - Jardim America, Goiania - GO|,,GYN
639881,10/01/2019 18:03:13,1569963787.94,,10358,,1,-16.6831359819,-49.264132306,|Rua 6 Q C4, 145, Goiania|,-16.7070422081,-49.270112291,|Faculdade Araguaia - Unidade Bueno - Avenida T-10 - Setor Bueno, Goiania - GO|,,GYN
639879,10/01/2019 18:03:11,1569963786.97,,46184,,1,-16.7270593344,-49.2742097005,|Alameda Imbe 14, Goias|,-16.7189835,-49.266897,|Bahrem Burguer Bueno - Avenida T-13 - Setor Bueno, Goiania - GO|,,GYN
639874,10/01/2019 18:03:04,1569963779.71,,23118,,1,-16.6848384613,-49.266544953,|Parque Alm Tamandare, Rua 7, 00F5000, Goiania|,-16.6741325975,-49.2560645565,|Avenida Anhanguera, 0052000, Goiania|,,GYN
639873,10/01/2019 18:03:02,1569963777.85,,51063,None,4,-16.6927417366,-49.2761774361,|IBCD ODONTOLOGIA - Rua T-28 - Setor Bueno, Goiania - GO|,-16.7413447121,-49.2769083381,|Buriti Shopping - Vila Sao Tomaz, Aparecida de Goiania - GO|,,GYN
639871,10/01/2019 18:02:59,1569963773.72,,352,,1,-16.6791772814,-49.2617655918,|Bosque Dos Buritis, Rua 29 Qda 0, 231, Goiania|,-16.7165472173,-49.2627419159,|Rua S-2 - Setor Bela Vista, Goiania - GO|,,GYN
639869,10/01/2019 18:02:55,1569963770.61,,7224,,1,-16.7193546367,-49.2637621611,|Rua S 1, 13, Goiania|,-16.7359651852,-49.2726955935,|Avenida Feira de Santana Q 53, 1597, Goiania|,,GYN
639868,10/01/2019 18:02:52,1569963767.2,,25626,,1,-16.7151600293,-49.26580064,|Rua T-37 3514, Goias|,-16.6758605299,-49.2433760315,|Faculdade de Direito - UFG - Praca Universitaria - Setor Leste Universitario, Goiania - GO|,,GYN
639865,10/01/2019 18:02:46,1569963762.42,,39575,,1,-16.7033849013,-49.2723321542,|Avenida T 2, 6, Goiania|,-16.7413447121,-49.2769083381,|Buriti Shopping - Vila Sao Tomaz, Aparecida de Goiania - GO|,,GYN
639853,10/01/2019 18:02:30,1569963745.79,,26668,,1,-16.7005021016,-49.2422806844,|Avenida e Q B11, 600, Goiania|,-16.6756199693,-49.2699345946,|Avenida Doutor Ismerino Soares de Carvalho, 009A000, Goiania|,,GYN
639852,10/01/2019 18:02:30,1569963745.75,,7224,,1,-16.720017391,-49.2602005228,|Rua S-005, 5, Goiania|,-16.7359651852,-49.2726955935,|Avenida Feira de Santana Q 53, 1597, Goiania|,,GYN
639840,10/01/2019 18:02:18,1569963733.93,,52841,None,2,-16.6739957754,-49.2339755595,|Avenida Universitaria 2381, Goias|,-16.6798507737,-49.2565235496,|Rua 82 2, Goias|,,GYN
639839,10/01/2019 18:02:16,1569963730.72,,23118,,1,-16.6848384613,-49.266544953,|Parque Alm Tamandare, Rua 7, 00F5000, Goiania|,-16.6741325975,-49.2560645565,|Avenida Anhanguera, 0052000, Goiania|,,GYN
639835,10/01/2019 18:02:13,1569963728.18,,8983,,1,-16.692183582,-49.254338555,|Rua 89-A 59, Goias|,-16.7373287837,-49.2897433788,|Rua Itapoa, 2 - Jardim Atlantico|,,GYN
639831,10/01/2019 18:02:10,1569963724.71,,1609,,1,-16.6773873925,-49.2577526718,|Rua 2 236, Goias|,-16.7143023438,-49.28995125,|Rua C-158 736, Goias|,,GYN
639827,10/01/2019 18:02:06,1569963721.12,,21923,,1,-16.7050977974,-49.2406512424,|Avenida Deputado Jamel Cecilio, 2699, Goiania|,-16.7247962823,-49.262174964,|Rua 1108, 17, Goiania|,,GYN
639825,10/01/2019 18:02:06,1569963721.09,,39203,,1,-16.6869712763,-49.2631040141,|West Office - Rua 3 - Setor Oeste, Goiania - State of Goias|,-16.7197608309,-49.2654730752,|Borges Landeiro Olympus - Rua T-37 - Setor Bueno, Goiania - State of Goias|,,GYN
639823,10/01/2019 18:02:06,1569963721.0,,13857,,1,-16.6759555979,-49.2595504224,|Rua 9 Q 20, 220, Goiania|,-16.7111037308,-49.259076342,|Alameda Couto Magalhaes, 903 - Setor Bela Vista|,,GYN
639820,10/01/2019 18:02:03,1569963718.86,,23118,,1,-16.6848384613,-49.266544953,|Parque Alm Tamandare, Rua 7, 00F5000, Goiania|,-16.6741325975,-49.2560645565,|Avenida Anhanguera, 0052000, Goiania|,,GYN
639819,10/01/2019 18:02:01,1569963717.93,,46719,,1,-16.6762542213,-49.2408519052,|Avenida Universitaria, Goiania|,-16.667786969,-49.2602498084,|Avenida Goias, 0124000, Goiania|,,GYN
639813,10/01/2019 18:02:00,1569963714.57,,36469,None,1,-16.6889659715,-49.2767520994,|Avenida Castelo Branco 331, Goias|,-16.7119238601,-49.2872110382,|Colegio Estadual Jardim America - Praca C-111 - Jardim America, Goiania - GO|,,GYN
639805,10/01/2019 18:01:51,1569963705.37,,23118,,1,-16.6848384613,-49.266544953,|Parque Alm Tamandare, Rua 7, 00F5000, Goiania|,-16.6741325975,-49.2560645565,|Avenida Anhanguera, 0052000, Goiania|,,GYN
639803,10/01/2019 18:01:44,1569963700.04,,1609,,1,-16.6773873925,-49.2577526718,|Rua 2 236, Goias|,-16.7143023438,-49.28995125,|Rua C-158 736, Goias|,,GYN
639802,10/01/2019 18:01:42,1569963698.66,,46719,,1,-16.6762581449,-49.2408517376,|Avenida Universitaria, Goiania|,-16.6629038683,-49.2625856772,|Avenida Goias, Goiania|,,GYN
639800,10/01/2019 18:01:42,1569963697.38,,7684,,1,-16.7079031374,-49.2726399377,|Avenida T-10 1300, Goias|,-16.717445352,-49.2626299337,|Rua S-2 555, Goias|,,GYN
639795,10/01/2019 18:01:36,1569963692.01,,23118,,1,-16.6848384613,-49.266544953,|Parque Alm Tamandare, Rua 7, 00F5000, Goiania|,-16.6741325975,-49.2560645565,|Avenida Anhanguera, 0052000, Goiania|,,GYN
639786,10/01/2019 18:01:20,1569963676.56,,31603,,1,-16.6795402031,-49.2754616216,|Alameda das Rosas Q R6, 2041, Goiania|,-16.7079959415,-49.2729242519,|Goiania Shopping - Avenida T-10 - Setor Bueno, Goiania - GO|,,GYN
639785,10/01/2019 18:01:21,1569963675.99,,23118,,1,-16.6848384613,-49.266544953,|Parque Alm Tamandare, Rua 7, 00F5000, Goiania|,-16.6741325975,-49.2560645565,|Avenida Anhanguera, 0052000, Goiania|,,GYN
639784,10/01/2019 18:01:20,1569963674.82,,31004,,1,-16.6819277615,-49.2560400814,|Rua 82 400, Goias|,-16.7149962633,-49.2644615471,|Rua T-36, 3033 - Setor Bueno|,,GYN
639783,10/01/2019 18:01:20,1569963673.81,,22256,,1,-16.6936781996,-49.2685606331,|Rua 15 Q H13, 360, Goiania|,-16.7177667785,-49.2735089734,|Praca C-171, 7, Goiania|,,GYN
639777,10/01/2019 18:01:07,1569963662.65,,8696,,1,-16.7190049558,-49.2581831664,|Alameda Couto Magalhaes 50, Goias|,-16.6719058541,-49.2451399192,|Escola de Formacao de Professores e Humanidades - PUC Goias - Setor Leste Universitario, Goiania - GO|,,GYN
639775,10/01/2019 18:01:07,1569963660.93,,23118,,1,-16.6848384613,-49.266544953,|Parque Alm Tamandare, Rua 7, 00F5000, Goiania|,-16.6741325975,-49.2560645565,|Avenida Anhanguera, 0052000, Goiania|,,GYN
639762,10/01/2019 18:00:44,1569963640.37,,10087,,2,-16.7147512564,-49.2656715587,|Rua T-037, 3463, Goiania|,-16.6758605299,-49.2433760315,|Avenida Quinta Avenida, 1, Goiania|,,GYN
639758,10/01/2019 18:00:36,1569963632.03,,40780,,1,-16.6752483683,-49.2522219568,|Rua 24 Q 50, 425, Goiania|,-16.6729500147,-49.2406150326,|Rua 236 Q 69, 300, Goiania|,,GYN
639754,10/01/2019 18:00:27,1569963623.51,,46317,,1,-16.6785461813,-49.2585070431,|Avenida Tocantins Q 16 160, Goias|,-16.6877754515,-49.2844597623,|Avenida T-2 2440, Goias|,,GYN
639745,10/01/2019 18:00:15,1569963611.41,,33966,None,1,-16.6764206593,-49.2442745715,|Praca Universitaria, 0062000, Goiania|,-16.7210927564,-49.2418773472,|Avenida Gonzaga Leite, Goiania|,,GYN
639743,10/01/2019 18:00:13,1569963607.83,,19408,,1,-16.6766676424,-49.246135354,|Praca Universitaria 1440, Goias|,-16.6775608259,-49.2571300641,|Avenida Goias 200, Goias|,,GYN
639742,10/01/2019 18:00:13,1569963606.95,,53726,None,1,-16.6977730839,-49.2637497559,|Rua 144, 19, Goiania|,-16.721010876,-49.279143624,|Rua C-155, 0444000, Goiania|,,GYN
639738,10/01/2019 18:00:08,1569963603.18,,7684,,1,-16.7079031374,-49.2726399377,|Avenida T-10 1300, Goias|,-16.7191947276,-49.2633517832,|Avenida 85 19, Goias|,,GYN
639737,10/01/2019 18:00:07,1569963602.65,,29299,,1,-16.6743336551,-49.2525300756,|Rua 3 Q 61 170, Goias|,-16.6712499989,-49.2337935045,|Avenida Anhanguera Q K 2392, Goias|,,GYN
639733,10/01/2019 18:00:06,1569963600.84,,8449,,2,-16.6839774281,-49.2650925368,|Praca Doutor Alfredo A L Morais Q D4, 2079, Goiania|,-16.704265757,-49.2688949034,|IPOG - Instituto de Pos-Graduacao e Graduacao - Avenida T-1 - Setor Bueno, Goiania - GO|,,GYN
639728,10/01/2019 17:59:58,1569963592.74,,39713,,1,-16.6906594067,-49.2606571689,|Rua 87 662, Goias|,-16.7413447121,-49.2769090086,|Buriti Shopping - Vila Sao Tomaz, Aparecida de Goiania - GO|,,GYN
639724,10/01/2019 17:59:54,1569963589.87,,7213,,1,-16.6797547442,-49.2611245438,|Alameda dos Buritis 231, Goias|,-16.6925448733,-49.2360113561,|PUC Campus V - Jardim Goias, Goiania - GO|,,GYN
639722,10/01/2019 17:59:51,1569963587.13,,30969,,1,-16.7126325595,-49.2376622558,|Rua Terezina 370, Goias|,-16.6624965897,-49.2617722973,|Leroy Merlin Goiania - Av. Goias Norte - Setor Marechal Rondon, Goiania - GO|,,GYN
639721,10/01/2019 17:59:52,1569963585.41,,22256,,1,-16.6936781996,-49.2685606331,|Rua 15 Q H13, 360, Goiania|,-16.7177667785,-49.2735089734,|Praca C-171, 7, Goiania|,,GYN
639720,10/01/2019 17:59:50,1569963584.33,,23118,,1,-16.6848384613,-49.266544953,|Parque Alm Tamandare, Rua 7, 00F5000, Goiania|,-16.6741325975,-49.2560645565,|Avenida Anhanguera, 0052000, Goiania|,,GYN
639716,10/01/2019 17:59:45,1569963581.1,,52842,,1,-16.7245217474,-49.2741748318,|Rua Marino, 12, Goiania|,-16.6863591502,-49.2696388811,|Avenida Assis Chateaubriand, 1170 - Setor Oeste|,,GYN
639713,10/01/2019 17:59:42,1569963576.96,,49672,None,1,-16.679817051,-49.2635147274,|Rua 1 223, Goias|,-16.7098638966,-49.2773710191,|Avenida C 233 Q 556 350, Goias|,,GYN
639711,10/01/2019 17:59:40,1569963574.96,,2037,,1,-16.6758110689,-49.2454041168,|1a Avenida 0834, Goias|,-16.6924247641,-49.2371405661,|PUC Goias - Campus V - Avenida Fued Jose Sebba - Jardim Goias, Goiania - GO|,,GYN
639706,10/01/2019 17:59:33,1569963569.38,,51063,None,4,-16.6929283231,-49.276021868,|Rua T 49 A, 29, Goiania|,-16.7413447121,-49.2769083381,|Buriti Shopping - Vila Sao Tomaz, Aparecida de Goiania - GO|,,GYN
639698,10/01/2019 17:59:27,1569963561.95,,23118,,1,-16.6848384613,-49.266544953,|Parque Alm Tamandare, Rua 7, 00F5000, Goiania|,-16.6741325975,-49.2560645565,|Avenida Anhanguera, 0052000, Goiania|,,GYN
639693,10/01/2019 17:59:19,1569963553.96,,7685,,1,-16.6793629175,-49.2569647729,|Praca Doutor Pedro L Teixeira Q 1, 300, Goiania|,-16.7073087402,-49.2402049899,|Rua 109, Goiania|,,GYN
639692,10/01/2019 17:59:15,1569963551.52,,41892,,1,-16.7144105582,-49.2533810064,|Avenida Quarta Radial, 0060000, Goiania|,-16.6604935884,-49.2596261948,|Araguaia Shopping, Rua Interna Terminal Rodoviario Go 0, 399, Goiania|,,GYN
639688,10/01/2019 17:59:13,1569963549.38,,33647,,1,-16.705711469,-49.2416838929,|Rua 52 413, Goias|,-16.6692618638,-49.2722815275,|Rua 6-A, 922 - Setor Aeroporto|,,GYN
639682,10/01/2019 17:59:10,1569963546.44,,46317,,1,-16.6785461813,-49.2585070431,|Avenida Tocantins Q 16 160, Goias|,-16.6908443895,-49.2848765105,|Avenida T 6 Q 15 395, Goias|,,GYN
639680,10/01/2019 17:59:08,1569963543.57,,45777,,1,-16.7138524668,-49.2707201466,|Edificio New World - Avenida T-63 - Setor Bueno, Goiania - GO|,-16.6965145369,-49.2428590357,|NATURAL RESIDENCE - Rua 6 - Jardim Goias, Goiania - GO|,,GYN
639670,10/01/2019 17:58:57,1569963532.2,,7684,,1,-16.7079031374,-49.2726399377,|Avenida T-10 1300, Goias|,-16.7191947276,-49.2633517832,|Avenida 85 19, Goias|,,GYN
639666,10/01/2019 17:58:52,1569963528.46,,33215,,1,-16.675095167,-49.247821793,|Rua 229 Qd57ltsn, 240, Goiania|,-16.7101917582,-49.2372512072,|Flamboyant Shopping Center - Avenida Deputado Jamel Cecilio - Jardim Goias, Goiania - GO|,,GYN
639665,10/01/2019 17:58:54,1569963528.34,,6768,,1,-16.7068591678,-49.2405583709,|Rua 12 - A, 15, Goiania|,-16.7070203717,-49.270330891,|Avenida T-010, 0107000, Goiania|,,GYN
639646,10/01/2019 17:58:18,1569963492.51,,23118,,1,-16.6848384613,-49.266544953,|Parque Alm Tamandare, Rua 7, 00F5000, Goiania|,-16.6741325975,-49.2560645565,|Avenida Anhanguera, 0052000, Goiania|,,GYN
639644,10/01/2019 17:58:18,1569963491.69,,7684,,1,-16.7079031374,-49.2726399377,|Avenida T-10 1300, Goias|,-16.7191947276,-49.2633517832,|Avenida 85 19, Goias|,,GYN
639636,10/01/2019 17:58:05,1569963480.92,,12856,,1,-16.6936316335,-49.2683755606,|Rua 15 Q H13, 817, Goiania|,-16.6807169642,-49.2440231144,|Primeira Avenida - Setor Leste Universitario, Goiania - GO|,,GYN
639618,10/01/2019 17:57:37,1569963451.64,,23118,,1,-16.6848384613,-49.266544953,|Parque Alm Tamandare, Rua 7, 00F5000, Goiania|,-16.6741325975,-49.2560645565,|Avenida Anhanguera, 0052000, Goiania|,,GYN
639588,10/01/2019 17:56:47,1569963401.68,,41199,,1,-16.7002554704,-49.2638446391,|Avenida 85, GUARUJA, Goiania|,-16.7253684697,-49.2617598921,|Avenida 4a Radial Q 208, 1658, Goiania|,,GYN
639576,10/01/2019 17:56:22,1569963376.81,,43458,,1,-16.7045782141,-49.2639784142,|Avenida Mutirao 3541, Goias|,-16.6832268711,-49.2618088424,|Rua 1 605, Goias|,,GYN
639574,10/01/2019 17:56:18,1569963373.86,,40780,,1,-16.6752483683,-49.2522219568,|Rua 24 Q 50, 425, Goiania|,-16.6729500147,-49.2406150326,|Condominio Pontal dos Tocantins - Rua 236 - Setor Leste Universitario, Goiania - GO|,,GYN
639571,10/01/2019 17:56:14,1569963368.07,,7684,,1,-16.7079031374,-49.2726399377,|Avenida T-10 1300, Goias|,-16.7191947276,-49.2633517832,|Avenida 85 19, Goias|,,GYN
639565,10/01/2019 17:56:07,1569963361.11,,12856,,1,-16.6936316335,-49.2683755606,|Rua 15 Q H13, 817, Goiania|,-16.6807169642,-49.2440231144,|Primeira Avenida - Setor Leste Universitario, Goiania - GO|,,GYN
639556,10/01/2019 17:56:03,1569963357.75,,33230,,1,-16.7003283679,-49.2573989555,|Rua 1137, 22, Goiania|,-16.7413447121,-49.2769083381,|Buriti Shopping, Avenida Rio Verde, Goiania|,,GYN
639555,10/01/2019 17:56:01,1569963355.9,,34721,,1,-16.6813551228,-49.2598139495,|Rua Dona Gercina Borges Teixeira 57, Goias|,-16.6907351983,-49.2806054279,|Rua T-29 119, Goias|,,GYN
639554,10/01/2019 17:56:00,1569963354.95,,47055,,1,-16.7024369251,-49.235631153,|Rua 72, Goiania|,-16.6810140438,-49.2418471724,|Rua 242, 526 - Setor Leste Universitario|,,GYN
639552,10/01/2019 17:55:54,1569963348.02,,42355,,1,-16.6890658502,-49.2626158521,|Mortoza Advogados - Rua 106 - Setor Sul, Goiania - GO|,-16.7182827937,-49.2578566074,|Residencial Champs de Mars - Rua 1040 - Setor Pedro Ludovico, Goiania - GO|,,GYN
639550,10/01/2019 17:55:50,1569963345.16,,33,None,1,-16.691359,-49.264922,,-16.70058,-49.275962,,,GYN
639548,10/01/2019 17:55:48,1569963342.47,,23118,,1,-16.6848384613,-49.266544953,|Parque Alm Tamandare, Rua 7, 00F5000, Goiania|,-16.6741325975,-49.2560645565,|Avenida Anhanguera, 0052000, Goiania|,,GYN
639547,10/01/2019 17:55:53,1569963338.38,,10605,,1,-16.7073129147,-49.2645094916,|Avenida 85 2860, Goias|,-16.7229519136,-49.285694249,|Rua C-176 374, Goias|,FlexRequestAssignmentFailure,GYN
639546,10/01/2019 17:56:00,1569963337.94,,11801,,1,-16.6993158282,-49.2650730908,|Rua 9 2333, Goias|,-16.69774097,-49.2407481372,|Rua 56 79, Goias|,FlexRequestAssignmentFailure,GYN
639544,10/01/2019 17:55:35,1569963331.3,,34660,,1,-16.6668208297,-49.2705981061,|Avenida Independencia 5610, Goias|,-16.7079220836,-49.262428768,|Pousada Marista Hotel - Rua 1124 - Setor Marista, Goiania - GO|,,GYN
639543,10/01/2019 17:55:34,1569963329.38,,53731,None,1,-16.6629022624,-49.2644360662,|Avenida Oeste Qde 0 1415, Goias|,-16.6858241003,-49.2387304455,|Cas Centro de Capacitacao do Surdo - 6a Avenida - Setor Leste Universitario, Goiania - GO|,,GYN
639540,10/01/2019 17:55:30,1569963324.92,,23118,,1,-16.6848384613,-49.266544953,|Parque Alm Tamandare, Rua 7, 00F5000, Goiania|,-16.6741325975,-49.2560645565,|Avenida Anhanguera, 0052000, Goiania|,,GYN
639535,10/01/2019 17:55:21,1569963316.4,,7684,,1,-16.7079031374,-49.2726399377,|Avenida T-10 1300, Goias|,-16.7198696843,-49.2655830458,|Avenida T-13 785, Goias|,,GYN
639534,10/01/2019 17:55:20,1569963315.28,,45156,,1,-16.6990881426,-49.2558667436,|Rua 1135 453, Goias|,-16.7280312698,-49.2690125853,|Rua Madame Curie 136, Goias|,,GYN
639533,10/01/2019 17:55:19,1569963314.81,,37938,,1,-16.6950192991,-49.2689177021,|Rua 32 Q J15, 1150, Goiania|,-16.735890696,-49.2814711109,|Avenida Dona Maria Cardoso - Parque Amazonia, Goiania - GO|,,GYN
639530,10/01/2019 17:55:12,1569963308.07,,40780,,1,-16.6761524783,-49.2575458065,|Condominio do Edificio Bradesco - Avenida Goias - Setor Central, Goiania - GO|,-16.6752483683,-49.2522219568,|Rua 24 Q 50, 425, Goiania|,,GYN
639529,10/01/2019 17:55:11,1569963307.77,,14377,,1,-16.7013120002,-49.2611855641,|Rua 1130 112, Goias|,-16.6601357698,-49.2423537746,|Avenida Independencia Q C 2348, Goias|,,GYN
639527,10/01/2019 17:55:08,1569963303.08,,41906,,1,-16.6748362983,-49.2685961723,|Avenida Republica do Libano, 017A000, Goiania|,-16.6984783033,-49.2786561325,|Avenida T-008, 0064000, Goiania|,,GYN
639524,10/01/2019 17:55:06,1569963300.28,,1918,,1,-16.6803235337,-49.2458047718,|Rua 239, 561, Goiania|,-16.7063312401,-49.2635703832,|Rua 1122, 50 - Setor Marista|,,GYN
639521,10/01/2019 17:55:06,1569963298.27,,37310,,1,-16.6835175236,-49.2650046945,|Rua 6 Q D4, 243, Goiania|,-16.6883798653,-49.2514451221,|Rua 86a Q F22, 55, Goiania|,,GYN
639518,10/01/2019 17:55:02,1569963297.2,,7684,,1,-16.7079031374,-49.2726399377,|Avenida T-10 1300, Goias|,-16.7198696843,-49.2655830458,|Avenida T-13 785, Goias|,,GYN
639517,10/01/2019 17:55:03,1569963296.82,,9764,,1,-16.6825016832,-49.25265681,|Rua 83 215, Goias|,-16.7330035713,-49.2815894634,|Doce Gostoso Doceria - Avenida Jose Leandro da Cruz - Parque Amazonia, Goiania - GO|,,GYN
639516,10/01/2019 17:54:58,1569963294.93,,39677,,1,-16.7235465832,-49.2682213336,|Avenida Rui Barbosa 122, Goias|,-16.6537553075,-49.2631616816,|Avenida Goias 3592, Goias|,,GYN
639512,10/01/2019 17:54:53,1569963288.84,,26676,,1,-16.6892023404,-49.2762025818,|Avenida Castelo Branco 474, Goias|,-16.6924242,-49.2371398,|Pontificia Universidade Catolica de Goias - Campus V - Avenida Fued Jose Sebba - Jardim Goias, Goiania - GO|,,GYN
639496,10/01/2019 17:54:29,1569963263.37,,53667,None,1,-16.6924761477,-49.2707426101,|Extra Hiper - Avenida Portugal - Setor Marista, Goiania - GO|,-16.7194812,-49.2658573,|Sara Nossa Terra - Avenida T-13 - Setor Bueno, Goiania - GO|,,GYN
639488,10/01/2019 17:54:10,1569963244.97,,22256,,1,-16.6936781996,-49.2685606331,|Rua 15 Q H13, 360, Goiania|,-16.7177667785,-49.2735089734,|Praca C-171, 7, Goiania|,,GYN
639486,10/01/2019 17:54:08,1569963243.16,,42781,,1,-16.6735833815,-49.2485171556,|Rua 232, 8, Goiania|,-16.6985389983,-49.2708418518,|Incanto Viver Bueno - Rua T-52 - Setor Bueno, Goiania - GO|,,GYN
639484,10/01/2019 17:54:07,1569963240.98,,12856,,1,-16.6936316335,-49.2683755606,|Rua 15 Q H13, 817, Goiania|,-16.6807169642,-49.2440231144,|Primeira Avenida - Setor Leste Universitario, Goiania - GO|,,GYN
639475,10/01/2019 17:53:59,1569963234.6,,24426,,1,-16.6960039222,-49.2706286162,|Clima Rio - Ar Condicionado - Goiania - Avenida Mutirao - Setor Marista, Goiania - GO|,-16.6729500147,-49.2406150326,|Condominio Pontal dos Tocantins - Rua 236 - Setor Leste Universitario, Goiania - GO|,,GYN
639472,10/01/2019 17:53:48,1569963225.68,,7345,None,1,-16.723525712,-49.2681921646,|Avenida Rui Barbosa 122, Goias|,-16.6750469904,-49.2549980432,|Avenida Araguaia 400, Goias|,,GYN
639471,10/01/2019 17:53:49,1569963224.49,,5525,,1,-16.707786249,-49.2659340799,|Colegio Dinamico - Rua T-37 - Setor Bueno, Goiania - GO|,-16.6740349592,-49.2492239177,|Rua 233 Q 52, 161, Goiania|,,GYN
639467,10/01/2019 17:53:43,1569963218.25,,3269,,1,-16.6906606913,-49.2605280876,|Rua 87 662, Goias|,-16.7213618,-49.2636459,|ADPEGO - Associacao dos Delegados de Policia do Estado de Goias - Av. 85 - Setor Bela Vista, Goiania - GO|,,GYN
639465,10/01/2019 17:53:37,1569963212.0,,37310,,1,-16.6835175236,-49.2650046945,|Rua 6 Q D4, 243, Goiania|,-16.6883798653,-49.2514451221,|Condominio Imperial Residence - Rua 86-A - Setor Sul, Goiania - GO|,,GYN
639443,10/01/2019 17:52:57,1569963172.54,,158,,1,-16.6732936775,-49.2689488828,|Avenida Republica Do Libano Q 30a 799, Goias|,-16.6777702304,-49.244309105,|Praca Universitaria 32, Goias|,,GYN
639442,10/01/2019 17:52:57,1569963172.06,,20206,,1,-16.6858896167,-49.2606568336,|Rua 10 109, Goias|,-16.7143858326,-49.2365638912,|Rua Fortaleza, 360 - Alto da Gloria|,,GYN
639440,10/01/2019 17:52:54,1569963169.42,,21119,,1,-16.7097338436,-49.2665405944,|Avenida T 12 Q 123 0, Goias|,-16.7413967,-49.2762864,|Buriti Shopping - Vila Sao Tomaz, Aparecida de Goiania - GO|,,GYN
639438,10/01/2019 17:52:49,1569963165.53,,39677,,1,-16.7235465832,-49.2682213336,|Avenida Rui Barbosa 122, Goias|,-16.6537553075,-49.2631616816,|Avenida Goias 3592, Goias|,,GYN
639436,10/01/2019 17:52:46,1569963163.5,,29470,None,1,-16.7413967247,-49.2762864009,|Buriti Shopping, Rua Rio Verde, 102/104, Goiania|,-16.6892318865,-49.2515453696,|Hospital da Crianca - Rua 86 - Setor Sul, Goiania - State of Goias|,,GYN
639434,10/01/2019 17:52:42,1569963158.78,,7345,None,1,-16.723525712,-49.2681921646,|Avenida Rui Barbosa 122, Goias|,-16.6750469904,-49.2549980432,|Avenida Araguaia 400, Goias|,,GYN
639433,10/01/2019 17:53:17,1569963158.39,,32695,,1,-16.730426249,-49.28959921,|Avenida Padre Orlando de Morais 352, Goias|,-16.7144102371,-49.2716364563,|Avenida T-63 1358, Goias|,,GYN
639432,10/01/2019 17:52:42,1569963157.45,,6453,,1,-16.7049626031,-49.2411105707,|Avenida Deputado Jamel Cecilio 2690, Goias|,-16.709005224,-49.2879664153,|Avenida T-9 2937, Goias|,,GYN
639430,10/01/2019 17:52:37,1569963154.34,,39677,,1,-16.7235465832,-49.2682213336,|Avenida Rui Barbosa 122, Goias|,-16.6537553075,-49.2631616816,|Avenida Goias 3592, Goias|,,GYN
639429,10/01/2019 17:52:38,1569963153.81,,43607,,1,-16.6773716551,-49.2436834797,|Praca Universitaria - Setor Leste Universitario, Goiania - GO|,-16.7198613357,-49.2653131485,|Rua T-37, numero 4029 - Setor Bueno|,,GYN
639425,10/01/2019 17:52:28,1569963142.84,,5525,,1,-16.707786249,-49.2659340799,|Colegio Dinamico - Rua T-37 - Setor Bueno, Goiania - GO|,-16.6740349592,-49.2492239177,|Condominio do Edificio Praia do Leste - Rua 233 - St. Universitario, Goiania - GO|,,GYN
639424,10/01/2019 17:52:27,1569963141.08,,50681,,1,-16.7015168829,-49.2800911143,|Rua C-224 20, Goias|,-16.7165472173,-49.2627419159,|Rua S-2 - Setor Bela Vista, Goiania - GO|,,GYN
639416,10/01/2019 17:52:12,1569963126.92,,53593,,1,-16.6868900236,-49.2777130008,|Avenida Assis Chateaubriand Q R22 0, Goias|,-16.6806193,-49.2563375,|Praca Civica - Praca Doutor Pedro Ludovico Teixeira - Setor Central, Goiania - GO|,,GYN
639414,10/01/2019 17:52:08,1569963122.0,,12856,,1,-16.6936316335,-49.2683755606,|Rua 15 Q H13, 817, Goiania|,-16.6807169642,-49.2440231144,|Primeira Avenida - Setor Leste Universitario, Goiania - GO|,,GYN
639409,10/01/2019 17:52:02,1569963119.73,,32695,,1,-16.730426249,-49.28959921,|Avenida Padre Orlando de Morais 352, Goias|,-16.7144102371,-49.2716364563,|Avenida T-63 1358, Goias|,,GYN
639408,10/01/2019 17:52:01,1569963115.68,,39942,,1,-16.7002445518,-49.2626215518,|BaladAPP LTDA - Rua 1128 - Setor Marista, Goiania - GO|,-16.6888259485,-49.2782879993,|Rua T 27 Q 24, 46, Goiania|,,GYN
639405,10/01/2019 17:51:53,1569963105.91,,50681,,1,-16.7015168829,-49.2800911143,|Rua C-224 20, Goias|,-16.7165472173,-49.2627419159,|Rua S-2 - Setor Bela Vista, Goiania - GO|,,GYN
639403,10/01/2019 17:51:50,1569963104.5,,41369,,1,-16.700484118,-49.2569634318,|Alameda Ricardo Paranhos, 799, Goiania|,-16.7271479551,-49.2770729586,|Rua Guajara, 0192000, Goiania|,,GYN
639402,10/01/2019 17:51:48,1569963103.69,,43458,,1,-16.704598124,-49.2640176415,|Avenida Mutirao 3541, Goias|,-16.6790289008,-49.2660168931,|Rua 5 175, Goias|,,GYN
639400,10/01/2019 17:51:48,1569963102.88,,41199,,1,-16.7002554704,-49.2638446391,|Avenida 85, GUARUJA, Goiania|,-16.7253684697,-49.2617598921,|Avenida 4a Radial Q 208, 1658, Goiania|,,GYN
639399,10/01/2019 17:51:45,1569963099.69,,52300,,1,-16.6761955158,-49.2443218455,|Praca Universitaria, 0062000, Goiania|,-16.6917946,-49.2788298,|Avenida T 1 Q 33, 140, Goiania|,,GYN
639398,10/01/2019 17:51:36,1569963092.32,,7345,None,1,-16.723525712,-49.2681921646,|Avenida Rui Barbosa 122, Goias|,-16.6750469904,-49.2549980432,|Avenida Araguaia 400, Goias|,,GYN
639387,10/01/2019 17:51:10,1569963044.3,,6453,,1,-16.7049626031,-49.2411105707,|Avenida Deputado Jamel Cecilio 2690, Goias|,-16.7079962627,-49.2729225755,|Goiania Shopping - Avenida T-10 - Setor Bueno, Goiania - GO|,FlexRequestAssignmentFailure,GYN
639385,10/01/2019 17:50:47,1569963043.09,,11527,,1,-16.6728533393,-49.2342501506,|Rua Duzentos e Sessenta e Dois, 000C000, Goiania|,-16.7101917582,-49.2372512072,|Flamboyant Shopping Center - Avenida Deputado Jamel Cecilio - Jardim Goias, Goiania - GO|,,GYN
639383,10/01/2019 17:50:33,1569963024.58,,14295,,1,-16.6762019393,-49.2646596953,|Rua 11 Q 74 156, Goias|,-16.6997644549,-49.2645101622,|Rua T-65 - Setor Nova Suica, Goiania - GO|,,GYN
639380,10/01/2019 17:50:19,1569963015.28,,39677,,1,-16.7235465832,-49.2682213336,|Avenida Rui Barbosa 122, Goias|,-16.6537553075,-49.2631616816,|Avenida Goias 3592, Goias|,,GYN
639378,10/01/2019 17:50:14,1569963006.68,,8696,,1,-16.7190049558,-49.2581831664,|Alameda Couto Magalhaes 50, Goias|,-16.6719058541,-49.2451399192,|Escola de Formacao de Professores e Humanidades - PUC Goias - Setor Leste Universitario, Goiania - GO|,,GYN
639375,10/01/2019 17:50:06,1569963000.94,,48516,,1,-16.6925031241,-49.2361370847,|Avenida Fued Jose Sebba, Goiania|,-16.6958077045,-49.2778360471,|Rua T-049, 1, Goiania|,,GYN
639372,10/01/2019 17:50:09,1569963001.06,,148,,1,-16.6994169861,-49.2639522627,|Rua 137 Q 50, 546, Goiania|,-16.6954737165,-49.2816263437,|Avenida T 3, 16, Goiania|,,GYN
639371,10/01/2019 17:50:08,1569963001.02,,12856,,1,-16.6936316335,-49.2683755606,|Rua 15 Q H13, 817, Goiania|,-16.6807169642,-49.2440231144,|Primeira Avenida - Setor Leste Universitario, Goiania - GO|,,GYN
639370,10/01/2019 17:50:07,1569963000.75,,53726,None,1,-16.6977730839,-49.2637497559,|Rua 144, 19, Goiania|,-16.7209251423,-49.2790091783,|Rua C. 155, 1309 - Jardim America|,,GYN
639369,10/01/2019 17:50:01,1569962995.54,,45403,,1,-16.7083719745,-49.2613535374,|Alameda Coronel Joaquim Bastos Q 217, 248, goiania|,-16.7138094379,-49.2358299717,|Rua Teresina, 0011000, goiania|,,GYN
639368,10/01/2019 17:49:59,1569962993.09,,41369,,1,-16.700484118,-49.2569634318,|Alameda Ricardo Paranhos, 799, Goiania|,-16.7271479551,-49.2770729586,|Rua Guajara, 0192000, Goiania|,,GYN
639366,10/01/2019 17:49:57,1569962991.22,,6453,,1,-16.7050666481,-49.2408788949,|Avenida E, 263 - Jardim Goias|,-16.7088642523,-49.274818562,|Smart Fit Bueno 1 - Rua C-242 - Jardim America, Goiania - GO|,,GYN
639363,10/01/2019 17:49:46,1569962980.69,,33,None,1,-16.691359,-49.264922,,-16.70058,-49.275962,,,GYN
639361,10/01/2019 17:49:45,1569962978.38,,45457,,1,-16.68238221,-49.2586602643,|Rua 99 Q F17, 77, Goiania|,-16.707570455,-49.2604469508,|AUAD Dermatologia - Alameda Coronel Eugenio Jardim - Setor Marista, Goiania - GO|,,GYN
639360,10/01/2019 17:49:41,1569962975.8,,39575,,1,-16.7033996732,-49.2723231018,|Avenida T 2, 6, Goiania|,-16.7413447121,-49.2769083381,|Buriti Shopping - Vila Sao Tomaz, Aparecida de Goiania - GO|,,GYN
639359,10/01/2019 17:49:40,1569962975.74,,7345,None,1,-16.723525712,-49.2681921646,|Avenida Rui Barbosa 122, Goias|,-16.6750469904,-49.2549980432,|Avenida Araguaia 400, Goias|,,GYN
639358,10/01/2019 17:49:35,1569962969.08,,6453,,1,-16.7050666481,-49.2408788949,|Avenida E, 263 - Jardim Goias|,-16.7104242,-49.2890292,|Costelaria Rocha - Jardim America, Goiania - GO|,,GYN
639357,10/01/2019 17:49:34,1569962969.03,,43607,,1,-16.6754118471,-49.2397299036,|Sesc Universitario - Avenida Universitaria - Setor Leste Universitario, Goiania - GO|,-16.7198613357,-49.2653131485,|Rua T-37, numero 4029 - Setor Bueno|,,GYN
639356,10/01/2019 17:49:33,1569962968.76,,39677,,1,-16.7235465832,-49.2682213336,|Avenida Rui Barbosa 122, Goias|,-16.6537553075,-49.2631616816,|Avenida Goias 3592, Goias|,,GYN
639353,10/01/2019 17:49:25,1569962960.26,,20446,,1,-16.6801863949,-49.2542121559,|Rua 10 22, Goias|,-16.6681431674,-49.2451895401,|Avenida Nona Avenida Q 3 228, Goias|,,GYN
639351,10/01/2019 17:49:20,1569962955.97,,46185,,1,-16.715364897,-49.2517535761,|Avenida 3a Radial 121, Goias|,-16.6898995626,-49.2589596659,|Avenida Cora Coralina Q F25 105, Goias|,,GYN
639347,10/01/2019 17:49:10,1569962945.79,,44530,,1,-16.6923859052,-49.2361478135,|Avenida Fued Jose Sebba, Goiania|,-16.7359321146,-49.2685938254,|Rua Uirapuru - Parque Amazonia, Goiania - GO|,,GYN
639343,10/01/2019 17:48:59,1569962934.15,,7224,,1,-16.720017391,-49.2602005228,|Rua S-005, 5, Goiania|,-16.7359651852,-49.2726955935,|Avenida Feira de Santana Q 53, 1597, Goiania|,,GYN
639338,10/01/2019 17:48:45,1569962920.26,,39677,,1,-16.7235465832,-49.2682213336,|Avenida Rui Barbosa 122, Goias|,-16.6537553075,-49.2631616816,|Avenida Goias 3592, Goias|,,GYN
639335,10/01/2019 17:48:43,1569962917.64,,20446,,1,-16.6801863949,-49.2542121559,|Rua 10 22, Goias|,-16.6681431674,-49.2451895401,|Avenida Nona Avenida Q 3 228, Goias|,,GYN
639333,10/01/2019 17:48:41,1569962916.69,,8696,,1,-16.7190049558,-49.2581831664,|Alameda Couto Magalhaes 50, Goias|,-16.6719058541,-49.2451399192,|Escola de Formacao de Professores e Humanidades - PUC Goias - Setor Leste Universitario, Goiania - GO|,,GYN
639330,10/01/2019 17:48:28,1569962903.55,,34721,,1,-16.6797476785,-49.2553078383,|Praca Doutor Pedro Ludovico Teixeira 0 13, Goias|,-16.6907351983,-49.2806054279,|Rua T-29 119, Goias|,,GYN
639328,10/01/2019 17:48:25,1569962901.22,,39677,,1,-16.7235465832,-49.2682213336,|Avenida Rui Barbosa 122, Goias|,-16.6537553075,-49.2631616816,|Avenida Goias 3592, Goias|,,GYN
639327,10/01/2019 17:48:26,1569962900.64,,33966,None,1,-16.6751462341,-49.2444515973,|Rua 235, 0062000, Goiania|,-16.7209765183,-49.2421190813,|Avenida Gonzaga Leite, Goiania|,,GYN
639326,10/01/2019 17:48:24,1569962897.24,,41369,,1,-16.700484118,-49.2569634318,|Alameda Ricardo Paranhos, 799, Goiania|,-16.7271479551,-49.2770729586,|Rua Guajara, 0192000, Goiania|,,GYN
639325,10/01/2019 17:48:17,1569962890.76,,37385,,1,-16.6801825409,-49.26648058,|Rua 2 Q D1 1613, Goias|,-16.7109640451,-49.2868576571,|Alameda das Rosas 700, Goias|,,GYN
639324,10/01/2019 17:48:11,1569962885.84,,7224,,1,-16.7202822994,-49.2624938115,|Rua S 2, 7, Goiania|,-16.7359651852,-49.2726955935,|Avenida Feira de Santana Q 53, 1597, Goiania|,,GYN
639321,10/01/2019 17:48:05,1569962880.97,,48516,,1,-16.6925031241,-49.2361370847,|Avenida Fued Jose Sebba, Goiania|,-16.6958077045,-49.2778360471,|Rua T-049, 1, Goiania|,,GYN
639319,10/01/2019 17:48:05,1569962879.94,,38817,,1,-16.7054137856,-49.271254912,|Rua T-55 930, Goias|,-16.7319013023,-49.2941321433,|Avenida Copacabana 135, Goias|,,GYN
639318,10/01/2019 17:47:59,1569962875.06,,7345,None,1,-16.723525712,-49.2681921646,|Avenida Rui Barbosa 122, Goias|,-16.6750469904,-49.2549980432,|Avenida Araguaia 400, Goias|,,GYN
639317,10/01/2019 17:48:00,1569962874.31,,53469,None,1,-16.7137532433,-49.2552766576,|Avenida Circular Q K, 212, Goiania|,-16.7165205654,-49.2657040805,|Rua T-037, 6, Goiania|,,GYN
639314,10/01/2019 17:47:51,1569962865.88,,6439,,1,-16.6750270775,-49.2549839616,|Avenida Araguaia, 0051000, Goiania|,-16.7192249113,-49.2650724202,|Avenida T 13, 0166000, Goiania|,,GYN
639311,10/01/2019 17:47:34,1569962848.67,,7224,,1,-16.720090281,-49.260119386,|Rua 1117, 9, Goiania|,-16.7359651852,-49.2726955935,|Avenida Feira de Santana Q 53, 1597, Goiania|,,GYN
639305,10/01/2019 17:47:19,1569962831.15,,1342,,1,-16.6771394468,-49.2576359957,|Avenida Goias, 246, Goiania|,-16.7092367512,-49.2622145265,|Rua 1121 Q 216a, 200, Goiania|,,GYN
639304,10/01/2019 17:47:12,1569962827.56,,23118,,1,-16.6848384613,-49.266544953,|Parque Alm Tamandare, Rua 7, 00F5000, Goiania|,-16.6741325975,-49.2560645565,|Lojas Avenida - Avenida Anhanguera - Centro, Goiania - GO|,,GYN
639303,10/01/2019 17:47:10,1569962826.97,,39677,,1,-16.7235465832,-49.2682213336,|Avenida Rui Barbosa 122, Goias|,-16.6537553075,-49.2631616816,|Avenida Goias 3592, Goias|,,GYN
639302,10/01/2019 17:47:08,1569962823.21,,49816,,1,-16.6972766027,-49.2552997917,|Avenida 136 Q F43 0, Goias|,-16.7159926644,-49.2645738646,|Rua T-36 3400, Goias|,,GYN
639300,10/01/2019 17:46:58,1569962815.27,,39677,,1,-16.7235465832,-49.2682213336,|Avenida Rui Barbosa 122, Goias|,-16.6537553075,-49.2631616816,|Avenida Goias 3592, Goias|,,GYN
639297,10/01/2019 17:46:47,1569962801.48,,34132,None,1,-16.6906526626,-49.2696392164,|Rua 22 628, Goias|,-16.7105077,-49.2677698,|Rua 85a Q F16 53, Goias|,,GYN
639296,10/01/2019 17:46:45,1569962801.27,,39677,,1,-16.7235465832,-49.2682213336,|Avenida Rui Barbosa 122, Goias|,-16.6537553075,-49.2631616816,|Avenida Goias 3592, Goias|,,GYN
639295,10/01/2019 17:46:44,1569962797.22,,10712,,2,-16.7052468,-49.2406589538,|Avenida E 18, Goias|,-16.7136787453,-49.2635086924,|Rua S-1 149, Goias|,,GYN
639294,10/01/2019 17:46:36,1569962790.2,,1087,,1,-16.690196628,-49.2571796849,|Rua 87 553, Goias|,-16.7144468437,-49.2814754695,|Rua C 152 Q 343 201, Goias|,,GYN
639292,10/01/2019 17:46:32,1569962787.97,,33966,None,1,-16.6751462341,-49.2444515973,|Rua 235, 0062000, Goiania|,-16.6737462194,-49.2498515546,|Alameda Marginal Botafogo, Goiania|,,GYN
639291,10/01/2019 17:46:28,1569962784.96,,39677,,1,-16.7235465832,-49.2682213336,|Avenida Rui Barbosa 122, Goias|,-16.6537553075,-49.2631616816,|Avenida Goias 3592, Goias|,,GYN
639290,10/01/2019 17:46:31,1569962784.42,,43129,,3,-16.6932321278,-49.2742294818,|Rua T-049, 22, Goiania|,-16.7124781038,-49.2594099417,|Rua S-6, 263 - Setor Bela Vista|,,GYN
639289,10/01/2019 17:46:27,1569962782.39,,45944,,1,-16.6923300255,-49.2777347937,|Avenida T-1 7, Goias|,-16.7402017159,-49.2831186578,|Rua Sao Borja Q 97 0, Goias|,,GYN
639288,10/01/2019 17:46:42,1569962781.63,,7224,,1,-16.7189998182,-49.2637641728,|Avenida T 13, 11, Goiania|,-16.7359651852,-49.2726955935,|Avenida Feira de Santana Q 53, 1597, Goiania|,,GYN
639287,10/01/2019 17:46:22,1569962778.34,,45944,,1,-16.6923300255,-49.2777347937,|Avenida T-1 7, Goias|,-16.7402017159,-49.2831186578,|Rua Sao Borja Q 97 0, Goias|,,GYN
639285,10/01/2019 17:46:14,1569962768.75,,10712,,1,-16.7052468,-49.2406589538,|Avenida E 18, Goias|,-16.7136787453,-49.2635086924,|Rua S-1 149, Goias|,,GYN
639282,10/01/2019 17:46:05,1569962759.2,,34132,None,1,-16.6906526626,-49.2696392164,|Avenida Portugal 450, Goias|,-16.7105077,-49.2677698,|Buena Vista Shopping - Av. T-4 - Setor Bueno, Goiania - GO|,,GYN
639277,10/01/2019 17:45:32,1569962727.92,,34965,,1,-16.673110926,-49.2694541439,|Avenida Republica do Libano Q 31a, 838, Goiania|,-16.734974989,-49.2871594056,|Avenida Padre Orlando de Morais, Goiania|,,GYN
639276,10/01/2019 17:45:28,1569962722.82,,50887,None,1,-16.6929299288,-49.256012924,|Celgmed - Rua 89 - Setor Sul, Goiania - GO|,-16.7413960826,-49.2762870714,|Buriti Shopping - Vila Sao Tomaz, Aparecida de Goiania - GO|,,GYN
639270,10/01/2019 17:45:06,1569962699.55,,39942,,1,-16.7002445518,-49.2626215518,|BaladAPP LTDA - Rua 1128 - Setor Marista, Goiania - GO|,-16.6888259485,-49.2782879993,|Rua T 27 Q 24, 46, Goiania|,,GYN
639269,10/01/2019 17:45:02,1569962698.42,,46004,,1,-16.6745973422,-49.2711171135,|Rua 17 A Q 25a 1451, Goias|,-16.6700555144,-49.2386073992,|BR-060 2950, Goias|,,GYN
639267,10/01/2019 17:44:54,1569962689.85,,6703,,1,-16.6904240031,-49.2399444804,|Ministerio Publico do Estado de Goias - Jardim Goias, Goiania - GO|,-16.6982804824,-49.242843613,|Avenida E Qdb6 0 455, Goias|,,GYN
639266,10/01/2019 17:44:54,1569962688.2,,42355,,1,-16.6890658502,-49.2626158521,|Mortoza Advogados - Rua 106 - Setor Sul, Goiania - GO|,-16.7182827937,-49.2578566074,|Residencial Champs de Mars - Rua 1040 - Setor Pedro Ludovico, Goiania - GO|,,GYN
639264,10/01/2019 17:44:51,1569962686.52,,51864,,1,-16.7251392097,-49.2710487172,|Avenida Feira de Santana 276, Goias|,-16.7005858,-49.2422251,|Av. E - Jardim Goias, Goiania - GO|,,GYN
639262,10/01/2019 17:44:48,1569962683.2,,47680,,1,-16.6892842344,-49.2560615391,|Condominio Viella's - Rua 104-E - Setor Sul, Goiania - GO|,-16.6756967303,-49.2548786849,|Banana Shopping - Avenida Araguaia - Centro, Goiania - GO|,,GYN
639261,10/01/2019 17:44:45,1569962680.43,,4717,,1,-16.6985145918,-49.2658606544,|Rua Mario Bitar Q H21, 81, Goiania|,-16.7219057786,-49.2365910485,|Faculdade Sul-Americana (FASAM), Goiania|,,GYN
639260,10/01/2019 17:44:43,1569962679.04,,46475,,1,-16.7140865571,-49.2703412846,|Avenida T Sessenta e Tres, 0145000, Goiania|,-16.6926746169,-49.236189723,|Teatro PUC - Jardim Goias, Goiania - GO|,,GYN
639259,10/01/2019 17:45:09,1569962671.19,,45944,,1,-16.6923300255,-49.2777347937,|Avenida T-1 7, Goias|,-16.7402017159,-49.2831186578,|Residencial Amazon - Rua Canuma - Parque Amazonia, Goiania - GO|,FlexRequestAssignmentFailure,GYN
639257,10/01/2019 17:44:32,1569962666.74,,41369,,1,-16.700484118,-49.2569634318,|Alameda Ricardo Paranhos, 799, Goiania|,-16.7271479551,-49.2770729586,|Rua Guajara, 0192000, Goiania|,,GYN
639253,10/01/2019 17:44:25,1569962658.76,,47540,,1,-16.7154198067,-49.2517740279,Localizacao marcada para embarque,-16.6899381009,-49.2590575665,|Rua 1027 1, Goias|,,GYN
639251,10/01/2019 17:44:21,1569962655.74,,39942,,1,-16.7002445518,-49.2626215518,|BaladAPP LTDA - Rua 1128 - Setor Marista, Goiania - GO|,-16.6888259485,-49.2782879993,|Rua T 27 Q 24, 46, Goiania|,,GYN
639249,10/01/2019 17:44:18,1569962653.79,,48547,,1,-16.7049680623,-49.2407622188,|Avenida Deputado Jamel Cecilio, 2699, Goiania|,-16.7070422081,-49.270112291,|Faculdade Araguaia - Unidade Bueno - Avenida T-10 - Setor Bueno, Goiania - GO|,,GYN
639243,10/01/2019 17:44:10,1569962643.81,,30705,,1,-16.7001870687,-49.267173931,|Fatima Bastos Centro de Beleza - Rua T. 53 - Setor Marista, Goiania - GO|,-16.7148687827,-49.2689894512,|Residencial Arthur Rezende - Avenida T-5 - Setor Bueno, Goiania - GO|,,GYN
639241,10/01/2019 17:44:07,1569962641.85,,52300,,1,-16.6761955158,-49.2443218455,|Praca Universitaria, 0062000, Goiania|,-16.6917946712,-49.2788298056,|HOSPITAL NEUROLOGICO - Praca Gilson Alves de Souza - Setor Bueno, Goiania - State of Goias|,,GYN
639238,10/01/2019 17:44:07,1569962640.97,,31004,,1,-16.6819161996,-49.2560487986,|Rua 82 400, Goias|,-16.7149962633,-49.2644615471,|Rua T-36, 3033 - Setor Bueno|,,GYN
639236,10/01/2019 17:43:48,1569962623.11,,33,None,1,-16.691359,-49.264922,,-16.70058,-49.275962,,,GYN
639235,10/01/2019 17:43:48,1569962623.09,,37469,,1,-16.6970588699,-49.2700402066,|Avenida Mutirao Q 72 0, Goias|,-16.7174816369,-49.2699242011,|Rua C-263 508, Goias|,,GYN
639232,10/01/2019 17:43:43,1569962618.16,,14498,,1,-16.6899753545,-49.2750405148,|Avenida T-7 377, Goias|,-16.6751317811,-49.2517227307,|Rua 24 425, Goias|,,GYN
639228,10/01/2019 17:43:35,1569962611.19,,51864,,1,-16.7245711958,-49.2701538652,|Avenida Transbrasiliana 548, Goias|,-16.7005858,-49.2422251,|Av. E - Jardim Goias, Goiania - GO|,,GYN
639227,10/01/2019 17:43:35,1569962610.58,,43458,,1,-16.704598124,-49.2640176415,|Avenida Mutirao 3541, Goias|,-16.6790285796,-49.2660168931,|Rua 5 175, Goias|,,GYN
639224,10/01/2019 17:43:26,1569962600.25,,9018,,1,-16.6842260073,-49.2644283548,|Rua Tamandare Q C5 791, Goias|,-16.6963375882,-49.2438876629,|Avenida E Q B6 170, Goias|,,GYN
639223,10/01/2019 17:43:27,1569962599.82,,30705,,1,-16.7001870687,-49.267173931,|Fatima Bastos Centro de Beleza - Rua T. 53 - Setor Marista, Goiania - GO|,-16.7148687827,-49.2689894512,|Residencial Arthur Rezende - Avenida T-5 - Setor Bueno, Goiania - GO|,,GYN
639220,10/01/2019 17:43:18,1569962593.16,,6703,,1,-16.6904240031,-49.2399444804,|Ministerio Publico do Estado de Goias - Jardim Goias, Goiania - GO|,-16.6931219746,-49.2448230833,|Rua 115 762, Goias|,,GYN
639218,10/01/2019 17:43:06,1569962582.59,,35194,,2,-16.7196259621,-49.2373861514,|Avenida Brasil, Goiania|,-16.6788599651,-49.2409288511,|Rua 240, 13, Goiania|,,GYN
639216,10/01/2019 17:43:01,1569962576.49,,36655,,1,-16.6793038223,-49.2614826187,|Bosque Dos Buritis, Rua 29 Qda 0, 231, Goiania|,-16.6634380187,-49.2498817295,|Rua 228, 0043000, Goiania|,,GYN
639215,10/01/2019 17:43:00,1569962575.88,,51864,,1,-16.7252207672,-49.2707992718,|Rua Santarem 795, Goias|,-16.7005859176,-49.2422250286,|Av. E - Jardim Goias, Goiania - GO|,,GYN
639212,10/01/2019 17:42:49,1569962565.54,,10252,,1,-16.7220923366,-49.2647290975,|Rua Carlos Chagas 1944, Goias|,-16.7350103074,-49.2934568971,|Avenida do Parque 135, Goias|,,GYN
639210,10/01/2019 17:42:48,1569962563.33,,8696,,1,-16.7190049558,-49.2581831664,|Alameda Couto Magalhaes 50, Goias|,-16.6719058541,-49.2451399192,|Escola de Formacao de Professores e Humanidades - PUC Goias - Setor Leste Universitario, Goiania - GO|,,GYN
639209,10/01/2019 17:42:41,1569962556.63,,24085,,1,-16.6794467428,-49.2572055012,|Praca Doutor Pedro L Teixeira Q 1, 300, Goiania|,-16.7127838041,-49.2375730723,|Rua Teresina, 380, Goiania|,,GYN
639208,10/01/2019 17:42:41,1569962555.7,,13857,,1,-16.6759555979,-49.2595504224,|Rua 9 Q 20, 220, Goiania|,-16.7111037308,-49.259076342,|Alameda Couto Magalhaes, 903 - Setor Bela Vista|,,GYN
639207,10/01/2019 17:42:40,1569962555.08,,49792,,2,-16.692183582,-49.2624183744,|Express Vidros - Avenida 85 - Setor Marista, Goiania - GO|,-16.712679121,-49.240257293,|Res. Ajui - Rua Sao Luis - Alto da Gloria, Goiania - GO|,,GYN
639205,10/01/2019 17:42:37,1569962553.71,,30705,,1,-16.7287235339,-49.2753506452,|Avenida Aruma 382, Goias|,-16.7210481235,-49.2689974979,|Avenida T-5 1602, Goias|,,GYN
639202,10/01/2019 17:42:28,1569962543.86,,41731,,1,-16.6830203631,-49.2628036067,|Crosara Advogados - Rua 1 - Setor Oeste, Goiania - GO|,-16.7324407181,-49.2922921479,|Reserva Ecologica Jardim Atlantica, Avenida Leblon, 147, Goiania|,,GYN
639198,10/01/2019 17:42:23,1569962538.54,,51864,,1,-16.7252207672,-49.2707992718,|Rua Santarem 795, Goias|,-16.7005859176,-49.2422250286,|Av. E - Jardim Goias, Goiania - GO|,,GYN
639197,10/01/2019 17:42:22,1569962537.04,,43607,,1,-16.6754118471,-49.2397299036,|Sesc Universitario - Avenida Universitaria - Setor Leste Universitario, Goiania - GO|,-16.7198613357,-49.2653131485,|Rua T-37, numero 4029 - Setor Bueno|,,GYN
639195,10/01/2019 17:42:21,1569962533.79,,21923,,1,-16.7050977974,-49.2406512424,|Avenida Deputado Jamel Cecilio, 2699, Goiania|,-16.7247962823,-49.262174964,|Rua 1108, 17, Goiania|,,GYN
639194,10/01/2019 17:42:18,1569962532.65,,47680,,1,-16.6892842344,-49.2560615391,|Condominio Viella's - Rua 104-E - Setor Sul, Goiania - GO|,-16.7400999375,-49.2732441053,|Avenida Rio Verde, Goiania|,,GYN
639193,10/01/2019 17:42:15,1569962531.53,,39677,,1,-16.7235465832,-49.2682213336,|Avenida Rui Barbosa 122, Goias|,-16.6537553075,-49.2631616816,|Avenida Goias 3592, Goias|,,GYN
639192,10/01/2019 17:42:15,1569962531.22,,10252,,1,-16.7231163148,-49.2668738589,|Avenida Rui Barbosa 252, Goias|,-16.7350103074,-49.2934568971,|Avenida do Parque 135, Goias|,,GYN
639187,10/01/2019 17:42:04,1569962518.3,,2671,None,1,-16.7027233737,-49.2729500681,|Avenida T-9 1207, Goias|,-16.6806193,-49.2563375,|Praca Civica - Praca Doutor Pedro Ludovico Teixeira - Setor Central, Goiania - GO|,,GYN
639185,10/01/2019 17:41:59,1569962513.76,,629,,1,-16.7042175878,-49.2608868331,|Alameda Cel Eugenio Jardim Q 228 654, Goias|,-16.6777467848,-49.2413730919,|Avenida Universitaria 1488, Goias|,,GYN
639183,10/01/2019 17:41:55,1569962511.07,,25200,,1,-16.6746901625,-49.2652373761,|Avenida Paranaiba, Goiania|,-16.7157110524,-49.2646476254,|Rua T 64, 0147000, Goiania|,,GYN
639182,10/01/2019 17:41:53,1569962508.29,,24085,,1,-16.6794467428,-49.2572055012,|Praca Doutor Pedro L Teixeira Q 1, 300, Goiania|,-16.7127838041,-49.2375730723,|Evidence Office - Rua Terezina - Vila Maria Jose, Goiania - GO|,,GYN
639181,10/01/2019 17:41:52,1569962507.18,,52367,None,1,-16.683609055,-49.264710322,|The Prime Tamandare Office - Rua 5 - Setor Oeste, Goiania - GO|,-16.7372677799,-49.2840835825,|Residencial VIVAZ - Parque Amazonia, Goiania - GO|,,GYN
639180,10/01/2019 17:41:54,1569962507.12,,53729,None,1,-16.6899535162,-49.2751400918,|Avenida T-7 377, Goias|,-16.7130272,-49.2618486,|Rua S-3, 75 - Setor Bela Vista|,,GYN
639179,10/01/2019 17:41:37,1569962494.38,,24178,,1,-16.7424787118,-49.2779131606,|Avenida Dona Maria Cardoso 1527, Goias|,-16.714206,-49.2605415,|Ed. Benneville - Rua S-5 - Setor Bela Vista, Goiania - GO|,,GYN
639178,10/01/2019 17:41:39,1569962494.32,,41369,,1,-16.7004895773,-49.2569905892,|Alameda Ricardo Paranhos, 799, Goiania|,-16.7271479551,-49.2770729586,|Rua Guajara, 0192000, Goiania|,,GYN
639177,10/01/2019 17:41:38,1569962494.14,,27609,,1,-16.6772878289,-49.2645996809,|Rua 11 250, Goias|,-16.6713649825,-49.2421754077,|Rua 227 360, Goias|,,GYN
639176,10/01/2019 17:41:34,1569962489.79,,50887,None,1,-16.693223778,-49.2561762035,|Rua 89 370, Goias|,-16.7413960826,-49.2762870714,|Buriti Shopping - Vila Sao Tomaz, Aparecida de Goiania - GO|,,GYN
639175,10/01/2019 17:41:33,1569962489.52,,36655,,1,-16.6792941872,-49.2614645138,|Bosque Dos Buritis, Rua 29 Qda 0, 231, Goiania|,-16.6634380187,-49.2498817295,|Rua 228, 0043000, Goiania|,,GYN
639174,10/01/2019 17:41:27,1569962482.58,,15728,,1,-16.6987763187,-49.2579699308,|Rua 1136, 22, Goiania|,-16.7251658604,-49.2726677656,|Rua Marajo, 14, Goiania|,,GYN
639173,10/01/2019 17:41:20,1569962475.05,,21896,,2,-16.68655602,-49.2685542628,|Rua 11, 00G6000, Goiania|,-16.7136944798,-49.2669067159,|Avenida T-004, Goiania|,,GYN
639172,10/01/2019 17:41:18,1569962472.88,,31595,,1,-16.6836909514,-49.262901172,|Rua 8 Q B5 85, Goias|,-16.6760805351,-49.2439104617,|Praca Universitaria 294, Goias|,,GYN
639171,10/01/2019 17:41:17,1569962471.69,,10148,,1,-16.6668548759,-49.2551559582,|Rua 55 Q 101, 26, Goiania|,-16.7024529817,-49.2644793168,|Emporio Prime - Avenida 85 - Setor Marista, Goiania - GO|,,GYN
639170,10/01/2019 17:41:12,1569962466.44,,52406,None,1,-16.704787589,-49.2451945692,|Rua 1011 Q 27 157, Goias|,-16.7112493,-49.2561658,|Rua 1025 - Setor Pedro Ludovico, Goiania - GO|,,GYN
639169,10/01/2019 17:41:25,1569962465.52,,41369,,1,-16.7004895773,-49.2569905892,|Alameda Ricardo Paranhos, 799, Goiania|,-16.7271479551,-49.2770729586,|Rua Guajara, 0192000, Goiania|,FlexRequestAssignmentFailure,GYN
639166,10/01/2019 17:41:03,1569962458.65,,29299,,1,-16.6733241896,-49.2533753067,|BR-060 4552, Goias|,-16.6806655774,-49.2449219897,|11a Avenida 327, Goias|,,GYN
639165,10/01/2019 17:40:59,1569962456.4,,43,,1,-16.7200812902,-49.2388571799,|Rodovia Transbrasiliana 322, Goias|,-16.7329021101,-49.2936778441,|Avenida Copacabana 155, Goias|,,GYN
639164,10/01/2019 17:40:56,1569962451.0,,42355,,1,-16.6890658502,-49.2626158521,|Mortoza Advogados - Rua 106 - Setor Sul, Goiania - GO|,-16.7182827937,-49.2578566074,|Residencial Champs de Mars - Rua 1040 - Setor Pedro Ludovico, Goiania - GO|,,GYN
639161,10/01/2019 17:40:44,1569962440.22,,51864,,1,-16.7252207672,-49.2707992718,|Rua Santarem 795, Goias|,-16.7005859176,-49.2422250286,|Av. E - Jardim Goias, Goiania - GO|,,GYN
639160,10/01/2019 17:40:45,1569962439.98,,2848,None,1,-16.7065569904,-49.24053289,|Rua 109 46, Goias|,-16.6856224125,-49.2794215679,|Avenida Castelo Branco 988, Goias|,,GYN
639159,10/01/2019 17:40:43,1569962438.26,,49792,,2,-16.692183582,-49.2624183744,|Express Vidros - Avenida 85 - Setor Marista, Goiania - GO|,-16.712679121,-49.240257293,|Res. Ajui - Rua Sao Luis - Alto da Gloria, Goiania - GO|,,GYN
639158,10/01/2019 17:40:42,1569962438.18,,50887,None,1,-16.693223778,-49.2561762035,|Rua 89 370, Goias|,-16.7413960826,-49.2762870714,|Buriti Shopping - Vila Sao Tomaz, Aparecida de Goiania - GO|,,GYN
639157,10/01/2019 17:40:42,1569962436.7,,53729,None,1,-16.6900325195,-49.2752074823,|Avenida T 7 Q R34 0, Goias|,-16.7130272,-49.2618486,|Rua S-3, 75 - Setor Bela Vista|,,GYN
639155,10/01/2019 17:40:36,1569962432.18,,24085,,1,-16.6794467428,-49.2572055012,|Praca Doutor Pedro L Teixeira Q 1, 300, Goiania|,-16.6851538407,-49.2654730752,|Praca Tamandare - Setor Oeste, Goiania - GO|,,GYN
639153,10/01/2019 17:40:34,1569962430.67,,47055,,1,-16.7031838742,-49.2341837659,|Rua 71, 10, Goiania|,-16.6810140438,-49.2418471724,|Rua 242, 526 - Setor Leste Universitario|,,GYN
639152,10/01/2019 17:40:32,1569962426.69,,30470,,1,-16.6793060705,-49.2552089319,|Praca Dr Pedro L Teixeira Q 28 70, Goias|,-16.7078035896,-49.2732313648,|Goiania Shopping - Avenida T-10 - Setor Bueno, Goiania - GO|,,GYN
639150,10/01/2019 17:40:31,1569962424.84,,52406,None,1,-16.704787589,-49.2451945692,|Rua 1011 Q 27 157, Goias|,-16.7112493,-49.2561658,|Rua 1025 - Setor Pedro Ludovico, Goiania - GO|,,GYN
639147,10/01/2019 17:40:24,1569962418.96,,30859,,1,-16.7199640882,-49.2677425593,|OVG - Organizacao das Voluntarias de Goias - Avenida T-14 - Setor Bueno, Goiania - GO|,-16.70469671,-49.2729473859,|Rua T-053, 9, Goiania|,,GYN
639144,10/01/2019 17:40:16,1569962412.67,,7345,None,1,-16.723525712,-49.2681921646,|Avenida Rui Barbosa 122, Goias|,-16.6750469904,-49.2549980432,|Avenida Araguaia 400, Goias|,,GYN
639141,10/01/2019 17:40:16,1569962411.0,,50768,,1,-16.6727624452,-49.2524791136,|Avenida Anhanguera Q 58, 4462, Goiania|,-16.7200189965,-49.2612965405,|Assembleia de Deus - Deus Provedor - Avenida T-14 - Setor Bela Vista, Goiania - GO|,,GYN
639140,10/01/2019 17:40:11,1569962407.67,,6590,,1,-16.6711195984,-49.234056361,|Avenida Anhanguera 2392, Goias|,-16.7041016606,-49.2687607929,|Rua T-55 690, Goias|,,GYN
639136,10/01/2019 17:40:06,1569962400.93,,11766,,1,-16.693542355,-49.2659270391,|Rua 9 1663, Goias|,-16.711628113,-49.2831498384,|Avenida Mutirao 2373, Goias|,,GYN
639134,10/01/2019 17:40:03,1569962398.76,,14498,,1,-16.6899753545,-49.2750405148,|Avenida T-7 377, Goias|,-16.6751317811,-49.2517227307,|Rua 24 425, Goias|,,GYN
639131,10/01/2019 17:40:01,1569962396.71,,43701,,1,-16.6893157074,-49.2522943765,|Rua 86 21, Goias|,-16.6693270647,-49.269846417,|Rua 59 A Q 61a 772, Goias|,,GYN
639128,10/01/2019 17:39:54,1569962391.06,,10879,None,1,-16.689111454,-49.2590414733,|Avenida Cora Coralina Q F24 236, Goias|,-16.6549794451,-49.2623704299,|Avenida Goias 3352, Goias|,,GYN
639127,10/01/2019 17:39:53,1569962389.71,,46661,,1,-16.6844337987,-49.2763527855,|Avenida R 11 133, Goias|,-16.7196126,-49.2671925,|Edificio Absolut Business Style - Avenida T-4 - Setor Bueno, Goiania - GO|,,GYN
639124,10/01/2019 17:39:49,1569962384.22,,52406,None,1,-16.704787589,-49.2451945692,|Rua 1011 Q 27 157, Goias|,-16.7112493,-49.2561658,|Rua 1025 - Setor Pedro Ludovico, Goiania - GO|,,GYN
639123,10/01/2019 17:39:49,1569962382.75,,45756,,1,-16.6798597664,-49.2577305436,|Rua 82 11, Goias|,-16.721330691,-49.2765090242,|Rua C-180 760, Goias|,,GYN
639122,10/01/2019 17:39:46,1569962381.38,,228,None,1,-16.6975193841,-49.2723569646,|Rua T-028, 21A, Goiania|,-16.7090810082,-49.2607346177,|Rua Mil Cento e Vinte e Um, 0217000, Goiania|,,GYN
639121,10/01/2019 17:39:42,1569962380.58,,32703,,1,-16.7418831381,-49.276676327,|Buriti Shopping, Rua Rio Verde, 102/104, Goiania|,-16.7023566424,-49.276246503,|Escola Videira - Avenida T-3 - Setor Bueno, Goiania - GO|,,GYN
639112,10/01/2019 17:39:27,1569962363.22,,45442,,1,-16.7050120566,-49.2407156155,|Avenida Deputado Jamel Cecilio 2702, Goias|,-16.6710694938,-49.2414247245,|Rua 227 528, Goias|,,GYN
639111,10/01/2019 17:39:26,1569962362.44,,39861,,1,-16.6838354744,-49.2551666871,|Rua 84 Q F15, 133, Goiania|,-16.7236894706,-49.2355423048,|Avenida Nicolau Copernico, Goiania|,,GYN
639110,10/01/2019 17:39:24,1569962361.24,,6590,,1,-16.6711195984,-49.234056361,|Avenida Anhanguera 2392, Goias|,-16.7041016606,-49.2687607929,|Rua T-55 690, Goias|,,GYN
639109,10/01/2019 17:39:17,1569962353.32,,52289,,1,-16.6780743804,-49.2591058463,|Avenida Tocantins, 0017000, Goiania|,-16.7219057786,-49.2365910485,|FASAM - Jardim da Luz, Goiania - GO|,,GYN
639106,10/01/2019 17:39:11,1569962346.8,,2848,None,1,-16.7065152443,-49.2405164614,|Rua 109 78, Goias|,-16.685797123,-49.2792016268,|Avenida Castelo Branco Q 1 952, Goias|,,GYN
639105,10/01/2019 17:39:07,1569962341.71,,52406,None,1,-16.704787589,-49.2451945692,|Rua 1011 Q 27 157, Goias|,-16.7112493,-49.2561658,|Rua 1025 - Setor Pedro Ludovico, Goiania - GO|,,GYN
639104,10/01/2019 17:39:06,1569962341.33,,43701,,1,-16.6893157074,-49.2522943765,|Rua 86 21, Goias|,-16.6683684,-49.2699095,|Rua 18 A Q 39a 228, Goias|,,GYN
639101,10/01/2019 17:38:51,1569962327.18,,8330,,1,-16.6626485163,-49.2644685879,|Avenida Oeste 1401, Goias|,-16.6846656769,-49.2398925126,|Cas Centro de Capacitacao do Surdo - 6a Avenida - Setor Leste Universitario, Goiania - GO|,,GYN
639098,10/01/2019 17:38:49,1569962322.92,,8449,,2,-16.6839774281,-49.2650925368,|Praca Doutor Alfredo A L Morais Q D4, 2079, Goiania|,-16.704265757,-49.2688949034,|IPOG - Instituto de Pos-Graduacao e Graduacao - Avenida T-1 - Setor Bueno, Goiania - GO|,,GYN
639097,10/01/2019 17:38:57,1569962321.47,,21494,,1,-16.6853764044,-49.2622379959,|Rua 10, 605, Goiania|,-16.6976080185,-49.2598199844,|Madalena Gastrobar - Setor Marista, Goiania - GO|,FlexRequestAssignmentFailure,GYN
639096,10/01/2019 17:38:43,1569962320.11,,22214,,2,-16.7051999156,-49.2406891286,|Metropolitan Mall - Avenida Deputado Jamel Cecilio - Jardim Goias, Goiania - GO|,-16.7116968317,-49.2352593318,|Avenida 105 - A, 0B37000, Goiania|,,GYN
639095,10/01/2019 17:38:43,1569962319.77,,9499,,1,-16.6917069975,-49.2522420734,|Rua 123 77, Goias|,-16.6602003313,-49.2463351786,|Avenida Independencia 2807, Goias|,,GYN
639094,10/01/2019 17:38:43,1569962319.13,,35936,,1,-16.7129437185,-49.2763068527,|Rua C 139 Q 568 96, Goias|,-16.7368491012,-49.282662347,|Avenida Antonio Fidelis 323, Goias|,,GYN
639093,10/01/2019 17:38:42,1569962318.04,,12856,,1,-16.6936316335,-49.2683755606,|Rua 15 Q H13, 817, Goiania|,-16.6807169642,-49.2440231144,|Primeira Avenida - Setor Leste Universitario, Goiania - GO|,,GYN
639092,10/01/2019 17:38:45,1569962317.17,,52299,,1,-16.6888246639,-49.2410002649,|Avenida Fued Jose Sebba 1, Goias|,-16.7070479883,-49.2479337752,|Rua 1015, 215 - Setor Pedro Ludovico|,,GYN
639090,10/01/2019 17:38:41,1569962315.16,,45756,,1,-16.6809722921,-49.2584346235,|Rua Da Gercina B Teixeira Q 46 552, Goias|,-16.7212802784,-49.2761231214,|Rua C-184 601, Goias|,,GYN
639089,10/01/2019 17:38:33,1569962309.41,,41981,,1,-16.6643357607,-49.2631563172,|Avenida Goias Qd 148 0, 2001, Goiania|,-16.7413447121,-49.2769083381,|Buriti Shopping - Vila Sao Tomaz, Aparecida de Goiania - GO|,,GYN
639088,10/01/2019 17:38:28,1569962306.35,,52544,None,1,-16.7417409064,-49.2766018957,|Buriti Shopping, Avenida Rio Verde, Goiania|,-16.7195090869,-49.2370654643,|unip - BR-153 - Vila Alto da Gloria, Goiania - GO|,,GYN
639087,10/01/2019 17:38:28,1569962304.13,,2848,None,1,-16.7065152443,-49.2405164614,|Rua 109 78, Goias|,-16.685797123,-49.2792016268,|Avenida Castelo Branco Q 1 952, Goias|,,GYN
639086,10/01/2019 17:38:29,1569962303.9,,38011,,1,-16.697077496,-49.2554000393,|Av. 136, 797 - Setor Sul|,-16.7161538606,-49.2647653073,|Rua T-36, 3400 - Setor Bueno|,,GYN
639082,10/01/2019 17:38:22,1569962297.51,,25200,,1,-16.6746901625,-49.2652373761,|Avenida Paranaiba, Goiania|,-16.7157110524,-49.2646476254,|Rua T 64, 0147000, Goiania|,,GYN
639080,10/01/2019 17:38:19,1569962295.03,,14175,,1,-16.7007146923,-49.2569265515,|Alameda Ricardo Paranhos 731, Goias|,-16.6800367304,-49.2442001402,|Primeira Avenida, 1270 - Setor Leste Universitario|,,GYN
639079,10/01/2019 17:38:17,1569962293.13,,22214,,1,-16.7051999156,-49.2406891286,|Metropolitan Mall - Avenida Deputado Jamel Cecilio - Jardim Goias, Goiania - GO|,-16.7116968317,-49.2352593318,|Avenida 105 - A, 0B37000, Goiania|,,GYN
639077,10/01/2019 17:38:13,1569962288.51,,52957,,1,-16.6981372549,-49.2701873928,|Vibe 62 Urban Studio - Rua T-52 - Setor Bueno, Goiania - GO|,-16.7043871,-49.2403026,|Studio Dancarte - Rua 56 - Jardim Goias, Goiania - GO|,,GYN
